layer_name,MFlops
conv1,43.7086106962626
conv2,95.5642875768925
conv3,139
conv4,49
conv5,104
fc1,64.1003510568888
fc2,73.7265320016441
fc3,11.8526044866222
